akcija-mladih	facebook	https://graph.facebook.com/akcijamladih/picture?type=large&width=720&height=720	354x354	0	
akcija-umirovljenici-zajedno	website	https://crpk.hr/wp-content/uploads/2018/02/logo-crpk.png	120x62	0	
aktivni-nezavisni-umirovljenici	website	http://anu.hr/wp-content/uploads/2020/04/cropped-logo-1-2.png	1405x80	0	
alternativa-101	website	https://alternativa101.hr/Content/images/logo.png	323x50	0	
alternativa-nezavisni-jasenko-krovinovic	website	https://portal53.hr/wp-content/uploads/2019/08/portal53_logo_red-white2-300x80.png	300x80	0	
alternativa-za-hrvatsku	website	https://azhr.hr/static/images/logo.webp	1024x1024	0	
ante-vicevic-lista-za-kostrenu	website	https://nasakostrena.hr/wp-content/uploads/2021/12/nk-logo-poz.png	217x60	0	
autohtona-hrvatska-seljacka-stranka	facebook	https://graph.facebook.com/HSS.Hrvatska/picture?type=large&width=720&height=720	720x720	0	
autohtona-hrvatska-stranka-prava-drazen-keleminec	website	https://hrvatskipravasi.hr/wp/wp-content/uploads/2023/04/ICO.fw_.png	150x150	0	
bandic-milan-365-stranka-rada-i-solidarnosti-u-stecaju	wikidata	Q20648974:Milan-bandic-bm-365.jpg	883x486	0	
blok-umirovljenici-zajedno	pageimage	hr:Blok umirovljenici zajedno	800x560	0	
blok-za-hrvatsku	website	http://blokzahrvatsku.hr/wp-content/uploads/2020/01/Blok-sllogo-transparent-300x188.png	300x188	0	
centar	color-only	Q30324660	-	0	#2D7AB0
dalija-oreskovic-i-ljudi-s-imenom-i-prezimenom	website	https://dalijaoreskovic.hr/wp-content/uploads/2024/09/DalijaOreskovic_logo_white.svg	vector(1024)	1	#D11E60
dalmatinska-akcija-1007602	pageimage	hr:Dalmatinska akcija (2021.)	vector(1024)	1	
damir-bajs-nezavisna-lista	website	http://www.ktc.hr/img/logo.svg	vector(1024)	1	
demokrati	facebook	https://graph.facebook.com/demokrati.hr/picture?type=large&width=720&height=720	720x720	0	
demokratska-kneginecka-stranka	facebook	https://graph.facebook.com/hdzkneginec/picture?type=large&width=720&height=720	720x720	0	
demokratska-lokalna-stranka	website	https://reformisti.hr/images/logo1.png	300x150	0	
demokratska-prigorsko-zagrebacka-stranka	facebook	https://graph.facebook.com/dps.prigorje/picture?type=large&width=720&height=720	720x720	0	
demokratski-hss	website	https://mlmz0a6hhkfn.i.optimole.com/w:auto/h:auto/q:mauto/f:avif/https://demokratskihss.org/wp-content/uploads/elementor/thumbs/logo-p3039gedn9k6m51acjzjqjgdb4ktg268zdiunr21mk.png	400x198	0	
demokratski-savez-nacionalne-obnove	website	http://www.desno.hr/wp-content/uploads/loginLogosiroki1.png	134x35	0	
demokratski-savez-srba	website	https://sdss.hr/wp-content/uploads/2020/06/SDSSlogo2.svg	vector(1024)	1	
demokratsko-socijalna-stranka-hrvatske	website	https://www.sdp.hr/_next/static/media/logo.4858012d.svg	vector(1024)	1	
dina-dogan-nezavisna-lista	website	https://www.iusinfo.hr/Content/Images/IUS-INFO_logo.svg	vector(1024)	1	
direkt	pageimage	hr:Direkt_(hrvatska_stranka)	1920x1280	0	
dom-i-nacionalno-okupljanje	pageimage	hr:Dom i nacionalno okupljanje	300x130	0	#000000
domovinski-pokret	wikidata	Q86756923:Domovinski Pokret logo.svg	vector(1024)	1	#A5A5A5
dr-nenad-panian-nezavisna-lista	website	https://static.gradonacelnik.hr/themes/VT-tema/images/gradonacelnik-logo.png	333x59	0	
drito	pageimage	hr:Drito (hrvatska politička stranka)	1429x835	0	
dubrovacki-demokratski-sabor	website	https://dulist.hr/wp-content/uploads/2025/09/DuList-logo-white.png	381x70	0	
fokus	color-only	Q107121702	-	0	#05AACB
generacija-obnove	website	https://laudato.hr/sites/default/files/ltv_logo_sm.png	300x78	0	
gradansko-liberalni-savez	pageimage	hr:Građansko-liberalni savez	300x157	0	#067CBF
hrvatska-bunjevacka-stranka	website	https://www.lika-online.hr/wp-content/uploads/2026/02/Logo-3.webp	892x202	0	#AD3201
hrvatska-demokratska-zajednica	wikidata	Q738439:HDZ logo.svg	vector(1024)	1	#025EB1
hrvatska-demokrscanska-stranka	website	https://hrvatskidemokrscani.hr/wp-content/uploads/2026/03/epp_logo-hraaa.png?w=1024	1022x539	0	#1974D2
hrvatska-narodna-stranka-liberalni-demokrati	wikidata	Q1255803:HNS Logo.svg	vector(1024)	1	#FF931E
hrvatska-pucka-seljacka-stranka-1010223	pageimage	hr:Hrvatska pučka seljačka stranka	643x926	0	
hrvatska-seljacka-stranka	wikidata	Q638194:Croatian Peasant Party alt logo.svg	vector(1024)	1	#04B431
hrvatska-seljacka-stranka-brace-radic-600837	wikidata	Q638194:Croatian Peasant Party alt logo.svg	vector(1024)	1	#04B431
hrvatska-seljacka-stranka-stjepan-radic	website	https://hss.hr/wp-content/uploads/2019/01/HSS-Logo-e1546807190573.png	512x512	0	
hrvatska-socijalno-liberalna-stranka	website	https://hsls.hr/web/wp-content/uploads/2023/07/hsls-ico.png	96x96	0	
hrvatska-stranka-branitelja-i-domoljuba	website	https://zaklada-branitelja.hr/wp-content/uploads/2019/10/logotip_zhb.png	595x200	0	
hrvatska-stranka-buducnosti	website	https://strankadomino.hr/wp-content/uploads/2024/11/cropped-Untitled-design-2024-11-22T194924.100-180x180.png	180x180	0	
hrvatska-stranka-demokrata	wikidata	Q5187159:Croatian Social Democrats Party logo.jpg	77x73	0	#FE0000
hrvatska-stranka-gradanskog-otpora	website	https://0ccb3135a6.cbaul-cdnwnd.com/7a1f40a656d1cc56f8183136079d24ae/200000034-5f7d55f7d6/700/1000064009.png?ph=0ccb3135a6	700x700	0	
hrvatska-stranka-prava	website	https://static.wixstatic.com/media/4c8727_86e73affb5574f8aa7aac4bc1ba44297~mv2.jpg/v1/fill/w_2048,h_807,al_c/4c8727_86e73affb5574f8aa7aac4bc1ba44297~mv2.jpg	2048x807	0	
hrvatska-stranka-prava-1861	wikidata	Q1264421:HSP 1861.png	187x227	0	
hrvatska-stranka-prava-dr-ante-starcevic-601137	wikidata	Q1290995:HSP grb.svg	vector(1024)	1	
hrvatska-stranka-pravne-drzave-1004681	website	https://hspd.hr/wp-content/uploads/2025/03/hspd-ikona.png	512x512	0	
hrvatska-stranka-umirovljenika	wikidata	Q1244748:HSU Logo.svg	vector(1024)	1	#004B88
hrvatski-demokratski-savez-slavonije-i-baranje	facebook	https://graph.facebook.com/hdssb.hr/picture?type=large&width=720&height=720	720x720	0	
hrvatski-laburisti-stranka-rada	website	https://www.iusinfo.hr/Content/Images/IUS-INFO_logo.svg	vector(1024)	1	
hrvatski-narodni-zastupnici	website	https://nacionalnemanjine.hr/wp-content/uploads/2016/02/logo.png	335x17	0	
hrvatski-oslobodilacki-pokret	wikidata	Q1287076:Logo of the Croatian Liberation Movement.svg	vector(1024)	1	#FF0000
hrvatski-suverenisti	wikidata	Q97289787:Logo of the Croatian Sovereignists.svg	vector(1024)	1	#033E7C
hrvatski-umirovljenici-zajedno	facebook	https://graph.facebook.com/BlokUmirovljeniciZajednoHR/picture?type=large&width=720&height=720	300x300	0	
istarski-demokratski-sabor	pageimage	hr:Istarski demokratski sabor	119x119	0	#0CB14B
istarski-laburisti	website	https://www.pula.hr/static/logo.svg	vector(1024)	1	
javno-dobro	website	https://javnodobro.hr/site/images/site/logo-jd-kvadrat.png	339x198	0	
kvarnerska-inicijativa-regionalna-platforma	website	http://www.fiuman.hr/wp-content/uploads/2025/12/Fiuman-mini-prozirni-logo.png	200x92	0	
lipo	website	https://www.strankalipo.hr/wp-content/uploads/2021/04/LOGO-160x49.png	160x49	0	
lista-za-dobro-mista	facebook	https://graph.facebook.com/zadobromista/picture?type=large&width=720&height=720	720x720	0	
lista-za-rijeku	wikidata	Q1609679:Lista za Rijeku.png	398x307	0	
matija-teur-nezavisna-lista	website	https://zapad.hr/wp-content/uploads/2025/01/logo_pozitiv.png	1601x340	0	
medimurski-demokratski-savez	facebook	https://graph.facebook.com/MedimurskeNovine/picture?type=large&width=720&height=720	720x720	0	
mladi-za-brezovicu	facebook	https://graph.facebook.com/MladiZaBrezovicu/picture?type=large&width=720&height=720	720x720	0	
moderna-demokratska-snaga	website	https://www.pupillam.hr/attachments/preview/6364f3d8eee7c/pupillam-logo.png	290x159	0	
moja-voljena-hrvatska	website	https://bezcenzure.hr/wp-content/uploads/2021/01/logo_fav_white_200.png	189x200	0	
most	website	https://most-hrvatska.hr/wp-content/uploads/2020/11/most-blue-logo.svg	vector(1024)	1	
mozemo-politicka-platforma	wikidata	Q96099072:Mozemo! transparent .png	690x351	0	#C3D746
mreza-nezavisnih-lista	facebook	https://graph.facebook.com/epodravina/picture?type=large&width=720&height=720	720x720	0	
narodna-stranka-reformisti	pageimage	hr:Narodna stranka – Reformisti	300x150	0	#692783
nezavisna-lista-ante-dapica	website	http://www.desno.hr/wp-content/uploads/loginLogosiroki1.png	134x35	0	
nezavisna-lista-ivanic-grad	website	https://ivanic-grad.hr/themes/ivanic1/assets/images/favicon/apple-touch-icon.png	180x180	0	
nezavisna-lista-mladih	website	https://nlm-2.s3.eu-central-1.amazonaws.com/wp-content/uploads/2023/06/06112800/nlm-logo-vektor-sluzbeni-100.png	153x105	0	
nezavisna-lista-stipe-petrina	facebook	https://graph.facebook.com/nlstipepetrina/picture?type=large&width=720&height=720	720x720	0	
nezavisna-lista-tomislava-jonjica-jedino-hrvatska	website	https://jedinohrvatska.hr/wp-content/uploads/2025/03/jh-logo-final-white-250x253.fw_.png	250x253	0	
nezavisna-lista-visnjan	website	https://nlv.hr/wp-content/uploads/2017/01/NLV_LOGO.png	160x160	0	
nezavisna-platforma-sjevera	pageimage	hr:Nezavisna platforma sjevera	vector(1024)	1	#2C9180
nezavisna-stranka-samo-tim	website	https://www.radiosamobor.hr/cms/wp-content/uploads/2022/05/radiosamoborlogowretina93mhz.png	600x100	0	
nezavisni	website	http://nezavisni.hr/wp-content/uploads/2024/01/Logo-nezavisni2024-white.png	1860x405	0	
nezavisni-seljaci-hrvatske	facebook	https://graph.facebook.com/387960387958724/picture?type=large&width=720&height=720	720x720	0	
nezavisni-za-zapresic	website	https://hdz-zapresic.hr/wp-content/uploads/2020/06/HDZ-ZAPRESIC-WEB-logo.png	139x70	0	
nova-politika	website	https://strankadomino.hr/wp-content/uploads/2024/11/cropped-Untitled-design-2024-11-22T194924.100-180x180.png	180x180	0	
odlucnost-i-pravednost	website	https://www.oip.hr/wp-content/uploads/2023/07/logo_13012023.webp	500x361	0	
pavle-kalinic-nezavisna-lista	website	http://www.ktc.hr/img/logo.svg	vector(1024)	1	
plavo-zelena-stranka	website	https://za-orah.hr/wp-content/uploads/2021/12/logo-za.png	240x160	0	
pokret-za-modernu-hrvatsku	website	https://www.strankacentar.hr/wp-content/uploads/2023/08/logo_w.png	300x91	0	
pokret-za-zivotinje	website	https://portal.javnodobro.hr/images/site/logo-portal-jd.png	1694x300	0	
pokret-zajedno	website	https://strankadomino.hr/wp-content/uploads/2024/11/cropped-Untitled-design-2024-11-22T194924.100-180x180.png	180x180	0	
politicka-stranka-plavi-grad	website	https://plavigrad.hr/wp-content/uploads/2023/01/logo.png	150x75	0	
pravedna-hrvatska	website	https://www.pravedna.hr/wp-content/themes/pravednahrvatska/images/ph-logo-full.svg	vector(1024)	1	
pravo-i-pravda	website	https://pravoipravda.hr/wp-content/uploads/2024/03/Pravo-i-Pravda-Bijeli-logo.png	1600x500	0	
primorsko-goranski-savez	website	https://www.pgs.hr/wp-content/uploads/2017/04/pgs_logo_web.png	166x45	0	
projekt-domovina	website	https://projektdomovina.hr/wp-content/themes/pd-z/css/img/logo.png	500x500	0	
radnicka-fronta	wikidata	Q18608794:Rf logo-72dpi.png	260x337	0	#CC0000
rapski-pucki-sabor-1004160	facebook	https://graph.facebook.com/rapskipuckisabor/picture?type=large&width=720&height=720	250x250	0	
renato-petek-nova-snaga	facebook	https://graph.facebook.com/PetekRenato/picture?type=large&width=720&height=720	720x720	0	
republika	website	https://republika.hr/wp-content/uploads/2023/11/REPUBLIKA_LOGO_bezpozadine.png	4739x2365	0	
ricard-nezavisni	facebook	https://graph.facebook.com/100064629434485/picture?type=large&width=720&height=720	720x720	0	
samostalna-demokratska-srpska-stranka	website	https://sdss.hr/wp-content/uploads/2020/06/SDSSlogo2.svg	vector(1024)	1	
snaga-slavonije-i-baranje	website	https://snagasib.hr/wp-content/uploads/2020/12/logo.svg	vector(1024)	1	
snaga-stranka-narodnog-i-gradanskog-aktivizma	website	https://snaga.hr/wp-content/uploads/2019/05/Logo-Mali.jpg	200x50	0	
socijaldemokrati	facebook	https://graph.facebook.com/Socijaldemokrati/picture?type=large&width=720&height=720	500x500	0	
socijaldemokratska-partija-hrvatske	wikidata	Q830323:Socijaldemokratska Partija Hrvatske Logo.svg	vector(1024)	1	#ED1C24
socijalisticka-radnicka-partija-hrvatske	wikidata	Q1284829:Logo of the Socialist Labour Party of Croatia.svg	vector(1024)	1	
split-je-nas	website	https://split.hr/Portals/0/logo-white.svg	vector(1024)	1	
srd-je-grad	wikidata	Q105698815:Srđ je Grad logo.jpg	360x400	0	
stjepan-kozic-nezavisna-lista	facebook	https://graph.facebook.com/dugoselskakronika/picture?type=large&width=720&height=720	179x179	0	
stranka-demokratske-akcije-hrvatske	facebook	https://graph.facebook.com/SDAH.Stranka.Demokratske.Akcije.Hrvatske/picture?type=large&width=720&height=720	410x410	0	
stranka-hrvatskih-umirovljenika-umirovljenici	wikidata	Q1244748:HSU Logo.svg	vector(1024)	1	#004B88
stranka-hrvatskog-zajednistva	website	https://www.antenazadar.hr/wp-content/uploads/2023/07/header_logo_normal.png	434x90	0	
stranka-umirovljenika	website	https://www.stranka-umirovljenika.hr/static/images/main_logo.png	126x130	0	
stranka-umirovljenika-sjever	website	https://www.stranka-umirovljenika.hr/static/images/main_logo.png	126x130	0	
stranka-za-narod	website	https://strankadomino.hr/wp-content/uploads/2024/11/cropped-Untitled-design-2024-11-22T194924.100-180x180.png	180x180	0	
stranka-za-zadar	website	https://strankazazadar.hr/wp-content/uploads/2021/06/cropped-donatlogo5-smanjena-verzija.jpg	198x225	0	
sve-se-moze	website	https://jaska.hr/wp-content/uploads/2025/12/jaska.jpg	1200x630	0	
umirovljenicka-demokratska-unija	website	https://mozemo.hr/wp-content/uploads/2023/11/cropped-favicon-180x180.png	180x180	0	
unija-kvarnera	website	https://unija.hr/images/slike/logo/unija1_300x150.png	300x150	0	
zagorska-stranka	website	https://strankadomino.hr/wp-content/uploads/2024/11/cropped-Untitled-design-2024-11-22T194924.100-180x180.png	180x180	0	
zajedno-hrvatska	website	https://most-hrvatska.hr/wp-content/uploads/2020/11/most-blue-logo.svg	vector(1024)	1	
zajedno-za-murter	website	https://www.iusinfo.hr/Content/Images/IUS-INFO_logo.svg	vector(1024)	1	
zajedno-za-trogir	facebook	https://graph.facebook.com/zajednozatrogir.hr/picture?type=large&width=720&height=720	720x720	0	
zaokret-nezavisna-lista	website	https://www.orebic.com.hr/wp-content/uploads/2023/11/cropped-logo-novi.png	300x73	0	
zelena-alternativa-odrzivi-razvoj-hrvatske	facebook	https://graph.facebook.com/orah.hr/picture?type=large&width=720&height=720	180x180	0	
zelena-lista-1000123	website	https://mozemo.hr/wp-content/uploads/2023/11/cropped-favicon-180x180.png	180x180	0	
zupska-stranka	website	http://www.zupka.org/wp-content/uploads/2022/05/advent.jpg	960x540	0	
